model,uzgent_removed,AUC,AUC std,MCC,MCC std,ACCURACY,ACCURACY std,F1,F1 std,PRECISION,PRECISION std,RECALL,RECALL std
1.5,without,0.8040045468106521,0.03695341405731143,0.456057940696597,0.08569867947540796,0.7278134845311539,0.04277771632538719,0.7277769075247306,0.0427919659579799,0.7290108235884368,0.043852914611093356,0.7278134845311539,0.042777716325387176
1.5,included,0.8078462221912188,0.03696179639177807,0.45457021942285597,0.08088429470441846,0.727159482470158,0.040533612803497765,0.7271341624731081,0.04048048150574702,0.728218442852407,0.04146036019854038,0.727159482470158,0.04053361280349775
6,without,0.7859827444714205,0.04470959714590039,0.42859614506153115,0.09359142620228443,0.713874172970085,0.04761338022225865,0.7136538316516905,0.048079595854751245,0.7159576107879244,0.04694593601371314,0.713874172970085,0.04761338022225865
6,included,0.7861122316096885,0.047986768485029745,0.42083493392047133,0.11278103398893409,0.7103351304144383,0.057148341147492815,0.7100516660702304,0.05774435618313099,0.7119742926706457,0.05633872509859908,0.7103351304144383,0.057148341147492815
12,without,0.793125871966496,0.057107651321976365,0.4339361015380453,0.10637112731003605,0.7165880676228481,0.052726929633937186,0.7165914521765167,0.05270354292511877,0.7181596237693058,0.0536465585796523,0.7165880676228481,0.052726929633937186
12,included,0.7925183755012499,0.0565768358031309,0.43436288260484873,0.11421448237877722,0.7167453664597867,0.05672726224109848,0.7166851901664024,0.05653277928574301,0.7184788668435262,0.05717103013743211,0.7167453664597867,0.05672726224109848
