model,uzgent_removed,AUC,AUC std,MCC,MCC std,ACCURACY,ACCURACY std,F1,F1 std,PRECISION,PRECISION std,RECALL,RECALL std
1.5,without,0.7855856943345643,0.05261262326931318,0.42485049913876266,0.11681616996176751,0.7126865195859382,0.057871266685223535,0.7125677255645568,0.05836461836374413,0.7143386868776306,0.0578984104080763,0.7126865195859382,0.057871266685223535
1.5,included,0.7915632053596339,0.05296252543217386,0.4253788023904727,0.1073543155126348,0.7130791710963862,0.054045214880679114,0.7131216506402703,0.05404552756953438,0.7143864206095254,0.05393201816575982,0.7130791710963862,0.054045214880679114
12,without,0.7849369683389787,0.0563716302314882,0.4146996558732784,0.12372757153694344,0.7063299481482648,0.06192270601956067,0.7060161429022269,0.0626591174962905,0.7100696981660444,0.06179967730286047,0.7063299481482648,0.06192270601956067
12,included,0.7863303972208165,0.052927016000377414,0.4266067402424888,0.10663148913413559,0.7128053594857631,0.05351456257157063,0.7126893053336045,0.05373832352461266,0.7156644402263574,0.05315699214120934,0.7128053594857631,0.05351456257157063
6,without,0.7637193639259399,0.05015780945101915,0.3897562470132053,0.11934371481575035,0.6944574459581241,0.060633228493574956,0.6943080989803396,0.06115252852357303,0.6966974459759148,0.06005540084747063,0.6944574459581241,0.060633228493574956
6,included,0.7717613905694047,0.05167345973051797,0.40914298120880466,0.11641225394212469,0.7040137665032595,0.05884233933762889,0.7038496931274683,0.05914309636361015,0.7064733801262288,0.05861150575398817,0.7040137665032595,0.05884233933762889
