model,validation_type,patient_group,NO AF patients,AF patients,NO AF recall,AF recall,NO AF precision,AF precision,NO AF f1,AF f1,mcc,auc,ECE,ECSE
1.5,base model,all patients,13191,344,0.7065423394738837,0.7354651162790697,0.9903304643502284,0.06134820562560621,0.8247057782497124,0.11324977618621307,0.15113688309845225,0.7980948074180246,0.024463452181446962,0.0033591305926602426
1.5,base model,balanced test,378,344,0.7301587301587301,0.7354651162790697,0.7520435967302452,0.7126760563380282,0.7409395973154362,0.7238912732474964,0.4651715300584177,0.8098698781838316,0.0649214689213884,0.04017011173602654
12,base model,all patients,7733,298,0.5753265226949438,0.7416107382550335,0.9829871851524525,0.06305278174037089,0.7258340810832858,0.1162240336576387,0.12079644448922776,0.7170752123948874,0.11550043393227459,-0.0892213390473261
12,base model,balanced test,298,298,0.6308724832214765,0.7416107382550335,0.7094339622641509,0.6676737160120846,0.6678507992895204,0.7027027027027027,0.37478831738443974,0.7465429485158326,0.07073978658704436,0.033426816968596514
6,base model,all patients,13320,311,0.6805555555555556,0.6655948553054662,0.9886574326535064,0.04639175257731959,0.8061719062652852,0.08673790069138906,0.11014667433923944,0.7491063410677559,0.023961090728485335,0.003136300599870347
6,base model,balanced test,350,311,0.7371428571428571,0.6655948553054662,0.712707182320442,0.6923076923076923,0.7247191011235955,0.6786885245901639,0.4038746886291332,0.7803582912264584,0.07305180155545034,0.03852457691157471
