Comparison 1,Comparison 2,p_value
1_5,6,0.04635121767004387
1_5,12,0.2057053950187746
6,12,0.0015896942157735813
