model,validation_type,patient_group,NO AF patients,AF patients,NO AF recall,AF recall,NO AF precision,AF precision,NO AF f1,AF f1,mcc,auc,ECE,ECSE
1.5,base model,all patients,14091,400,0.7489887162018309,0.7125,0.9892211078826507,0.07456828885400314,0.8525040387722133,0.1350071056371388,0.17157530943375165,0.8096606876729827,0.039061983440048825,0.03851204523591118
1.5,base model,balanced test,400,400,0.74,0.7125,0.7201946472019465,0.7326478149100257,0.7299630086313194,0.7224334600760457,0.45267119867036765,0.8122625000000001,0.04794255781507535,0.02492960334100067
12,base model,all patients,8279,334,0.6688005797801667,0.6826347305389222,0.9812156654261918,0.07676767676767676,0.795431690849016,0.13801452784503632,0.1427494093060987,0.7533648731043772,0.04142240468929484,-0.02991234227570603
12,base model,balanced test,334,334,0.7275449101796407,0.6826347305389222,0.6962750716332379,0.7147335423197492,0.7115666178623721,0.6983154670750383,0.41059391812771745,0.7779321596328301,0.06071821137938215,0.030040053081207628
6,base model,all patients,14139,371,0.701393309286371,0.7008086253369272,0.9889309932189868,0.05800981704596162,0.8207059212976373,0.1071502163610138,0.1374033649564211,0.7751111461883353,0.02254636040626148,0.011035922713807404
6,base model,balanced test,371,371,0.7223719676549866,0.7008086253369272,0.7071240105540897,0.7162534435261708,0.7146666666666667,0.7084468664850138,0.4232790120914234,0.7908689997893069,0.06645088860045142,0.03170384879167774
